Recording	Participant	gender	glasses	primary_language_family	Timeline	TOI	Interval	Media	AOI	Duration_of_interval	Start_of_interval	Last_key_press	Total_duration_of_fixations	Average_duration_of_fixations	Number_of_fixations	Time_to_first_fixation	Number_of_Visits	Number_of_saccades_in_AOI	Time_to_entry_saccade	Time_to_exit_saccade	Peak_velocity_of_entry_saccade	Peak_velocity_of_exit_saccade
Recording2new	Participant2	male	glasses	alphabetic	all uppercase and title case letters study	all-1 (1)	1	all-1	all 1 final	8450	150893	5	2193	244	9	0	4	5	6900	176	496,39	555,58
Recording2new	Participant2	male	glasses	alphabetic	all uppercase and title case letters study	all-2	1	all-2	all 2 final no pic	24950	159343	3	13395	203	66	7718	1	63	7655	23277	427,81	325,87
Recording2new	Participant2	male	glasses	alphabetic	all uppercase and title case letters study	all-2	1	all-2	all 2 final with pic	24950	159343	3	13825	200	69	0	2	65	7655	323	427,81	407,7
Recording2new	Participant2	male	glasses	alphabetic	all uppercase and title case letters study	all-3 (1)	1	all-3	all 3 final	96901	214394	3	66527	193	345	0	6	314	10345	187	312,97	588,58
Recording2new	Participant2	male	glasses	alphabetic	all uppercase and title case letters study	title-1 (1)	1	title-1	title 1 final	10183	140709	6	2667	222	12	6064	2	10	6012		533,97	
Recording2new	Participant2	male	glasses	alphabetic	all uppercase and title case letters study	title-2 (1)	1	title-2	title 2 final	30101	184293	3	15733	197	80	7395	4	73	7328	10796	506,89	546,07
Recording2new	Participant2	male	glasses	alphabetic	all uppercase and title case letters study	title-3 (1)	1	title-3	title 3 final	62451	311295	5	44796	196	229	6697	4	202	6648	11332	465,68	394,58
Recording2new	Participant2	male	glasses	alphabetic	all uppercase and title case letters study	Entire Recording	1	all-1,all-2,all-3,End,Introduction- (1),Procedure Overview- (1),title-1,title-2,title-3	all 1 final	387097	0	Space	2193	244	9	150893	4	5	157793	151069	496,39	555,58
Recording2new	Participant2	male	glasses	alphabetic	all uppercase and title case letters study	Entire Recording	1	all-1,all-2,all-3,End,Introduction- (1),Procedure Overview- (1),title-1,title-2,title-3	all 2 final no pic	387097	0	Space	13395	203	66	167061	1	63	166997	182619	427,81	325,87
Recording2new	Participant2	male	glasses	alphabetic	all uppercase and title case letters study	Entire Recording	1	all-1,all-2,all-3,End,Introduction- (1),Procedure Overview- (1),title-1,title-2,title-3	all 2 final with pic	387097	0	Space	13825	200	69	159343	2	65	166997	159666	427,81	407,7
Recording2new	Participant2	male	glasses	alphabetic	all uppercase and title case letters study	Entire Recording	1	all-1,all-2,all-3,End,Introduction- (1),Procedure Overview- (1),title-1,title-2,title-3	all 3 final	387097	0	Space	66527	193	345	214394	6	314	224738	214581	312,97	588,58
Recording2new	Participant2	male	glasses	alphabetic	all uppercase and title case letters study	Entire Recording	1	all-1,all-2,all-3,End,Introduction- (1),Procedure Overview- (1),title-1,title-2,title-3	title 1 final	387097	0	Space	2667	222	12	146773	2	10	146721		533,97	
Recording2new	Participant2	male	glasses	alphabetic	all uppercase and title case letters study	Entire Recording	1	all-1,all-2,all-3,End,Introduction- (1),Procedure Overview- (1),title-1,title-2,title-3	title 2 final	387097	0	Space	15733	197	80	191688	4	73	191621	195089	506,89	546,07
Recording2new	Participant2	male	glasses	alphabetic	all uppercase and title case letters study	Entire Recording	1	all-1,all-2,all-3,End,Introduction- (1),Procedure Overview- (1),title-1,title-2,title-3	title 3 final	387097	0	Space	44796	196	229	317991	4	202	317943	322627	465,68	394,58
Recording3new	Participant3	female	none	alphabetic	all uppercase and title case letters study	all-1 (1)	1	all-1	all 1 final	14483	129276	5	3642	214	17	216	2	14	167	527	426,42	498,57
Recording3new	Participant3	female	none	alphabetic	all uppercase and title case letters study	all-2	1	all-2	all 2 final no pic	24650	153327	3	12687	211	60	0	2	53		209		511,5
Recording3new	Participant3	female	none	alphabetic	all uppercase and title case letters study	all-2	1	all-2	all 2 final with pic	24650	153327	3	12898	211	61	0	2	54		476		424,19
Recording3new	Participant3	female	none	alphabetic	all uppercase and title case letters study	all-3 (1)	1	all-3	all 3 final	108168	261595	7	73906	230	321	0	4	284	15733	954	418,05	353,92
Recording3new	Participant3	female	none	alphabetic	all uppercase and title case letters study	title-1 (1)	1	title-1	title 1 final	9567	143760	6	2422	220	11	0	3	7	4849	343	470,2	522,1
Recording3new	Participant3	female	none	alphabetic	all uppercase and title case letters study	title-2 (1)	1	title-2	title 2 final	17067	177977	3	7201	200	36	176	3	31	123	612	487,19	127,36
Recording3new	Participant3	female	none	alphabetic	all uppercase and title case letters study	title-3 (1)	1	title-3	title 3 final	66551	195044	5	44330	227	195	0	2	173	14069		215,35	
Recording3new	Participant3	female	none	alphabetic	all uppercase and title case letters study	Entire Recording	1	all-1,all-2,all-3,End,Introduction- (1),Procedure Overview- (1),title-1,title-2,title-3	all 1 final	378329	0	Space	3642	214	17	129493	2	14	129444	129804	426,42	498,57
Recording3new	Participant3	female	none	alphabetic	all uppercase and title case letters study	Entire Recording	1	all-1,all-2,all-3,End,Introduction- (1),Procedure Overview- (1),title-1,title-2,title-3	all 2 final no pic	378329	0	Space	12687	211	60	153327	2	53		153536		511,5
Recording3new	Participant3	female	none	alphabetic	all uppercase and title case letters study	Entire Recording	1	all-1,all-2,all-3,End,Introduction- (1),Procedure Overview- (1),title-1,title-2,title-3	all 2 final with pic	378329	0	Space	12898	211	61	153327	2	54		153803		424,19
Recording3new	Participant3	female	none	alphabetic	all uppercase and title case letters study	Entire Recording	1	all-1,all-2,all-3,End,Introduction- (1),Procedure Overview- (1),title-1,title-2,title-3	all 3 final	378329	0	Space	73906	230	321	261595	4	284	277328	262549	418,05	353,92
Recording3new	Participant3	female	none	alphabetic	all uppercase and title case letters study	Entire Recording	1	all-1,all-2,all-3,End,Introduction- (1),Procedure Overview- (1),title-1,title-2,title-3	title 1 final	378329	0	Space	2422	220	11	143760	3	7	148609	144103	470,2	522,1
Recording3new	Participant3	female	none	alphabetic	all uppercase and title case letters study	Entire Recording	1	all-1,all-2,all-3,End,Introduction- (1),Procedure Overview- (1),title-1,title-2,title-3	title 2 final	378329	0	Space	7201	200	36	178153	3	31	178100	178589	487,19	127,36
Recording3new	Participant3	female	none	alphabetic	all uppercase and title case letters study	Entire Recording	1	all-1,all-2,all-3,End,Introduction- (1),Procedure Overview- (1),title-1,title-2,title-3	title 3 final	378329	0	Space	44330	227	195	195044	2	173	209112		215,35	
Recording5	Participant1	female	glasses	logographic	all uppercase and title case letters study	all - 2	1	all - 2	all+2+pic	22100	123022	3	13106	222	59	0	2	50	6653		558,73	
Recording5	Participant1	female	glasses	logographic	all uppercase and title case letters study	all - 2	1	all - 2	all+2+word	22100	123022	3	12964	224	58	0	2	49	6653	459	558,73	286,96
Recording5	Participant1	female	glasses	logographic	all uppercase and title case letters study	all-1	1	all-1	all+1	8217	80605	5	3553	222	16	0	4	10	1037	1362	397,61	354,62
Recording5	Participant1	female	glasses	logographic	all uppercase and title case letters study	all-3	1	all-3	all+3	21217	176556	7	10655	201	53	0	2	42		447		312,32
Recording5	Participant1	female	glasses	logographic	all uppercase and title case letters study	title-1	1	title-1	title+1	12583	68022	6	3610	164	22	0	3	12	5419	5991	517,96	416,04
Recording5	Participant1	female	glasses	logographic	all uppercase and title case letters study	Entire Recording	1	all - 2,all-1,all-3,End,Introduction- (1),Procedure Overview- (1),title-1,title-2,title-3	all+1	199398	0	Space	3553	222	16	80605	4	10	81642	81968	397,61	354,62
Recording5	Participant1	female	glasses	logographic	all uppercase and title case letters study	Entire Recording	1	all - 2,all-1,all-3,End,Introduction- (1),Procedure Overview- (1),title-1,title-2,title-3	all+2+pic	199398	0	Space	13106	222	59	123022	2	50	129676		558,73	
Recording5	Participant1	female	glasses	logographic	all uppercase and title case letters study	Entire Recording	1	all - 2,all-1,all-3,End,Introduction- (1),Procedure Overview- (1),title-1,title-2,title-3	all+2+word	199398	0	Space	12964	224	58	123022	2	49	129676	123481	558,73	286,96
Recording5	Participant1	female	glasses	logographic	all uppercase and title case letters study	Entire Recording	1	all - 2,all-1,all-3,End,Introduction- (1),Procedure Overview- (1),title-1,title-2,title-3	all+3	199398	0	Space	10655	201	53	176556	2	42		177003		312,32
Recording5	Participant1	female	glasses	logographic	all uppercase and title case letters study	Entire Recording	1	all - 2,all-1,all-3,End,Introduction- (1),Procedure Overview- (1),title-1,title-2,title-3	title+1	199398	0	Space	3610	164	22	68022	3	12	73441	74013	517,96	416,04
Recording6	Participant4	female	none	alphabetic	all uppercase and title case letters study	all-1 (1)	1	all-1	all 1 final	4917	120083	5	1980	180	11	0	2	7	2439		483,48	
Recording6	Participant4	female	none	alphabetic	all uppercase and title case letters study	all-2	1	all-2	all 2 final no pic	28517	124999	3	19558	244	80	0	3	73	3528	143	507,14	470,06
Recording6	Participant4	female	none	alphabetic	all uppercase and title case letters study	all-2	1	all-2	all 2 final with pic	28517	124999	3	20482	241	85	0	3	77	3528	322	507,14	428,57
Recording6	Participant4	female	none	alphabetic	all uppercase and title case letters study	all-3 (1)	1	all-3	all 3 final	91451	229350	7	47560	186	256	0	3	147	6599	639	348,18	261,02
Recording6	Participant4	female	none	alphabetic	all uppercase and title case letters study	title-1 (1)	1	title-1	title 1 final	9367	110716	6	2741	249	11	0	2	8	6117	832	475,72	364,06
Recording6	Participant4	female	none	alphabetic	all uppercase and title case letters study	title-2 (1)	1	title-2	title 2 final	30450	153516	3	16723	246	68	0	5	59	4686	394	462,52	467,4
Recording6	Participant4	female	none	alphabetic	all uppercase and title case letters study	title-3 (1)	1	title-3	title 3 final	45384	183967	1	25874	237	109	6278	4	96	6245	7767	263,54	180,88
Recording6	Participant4	female	none	alphabetic	all uppercase and title case letters study	Entire Recording	1	all-1,all-2,all-3,End,Introduction- (1),Procedure Overview- (1),title-1,title-2,title-3	all 1 final	322592	0	Space	1980	180	11	120083	2	7	122522		483,48	
Recording6	Participant4	female	none	alphabetic	all uppercase and title case letters study	Entire Recording	1	all-1,all-2,all-3,End,Introduction- (1),Procedure Overview- (1),title-1,title-2,title-3	all 2 final no pic	322592	0	Space	19558	244	80	124999	3	73	128527	125142	507,14	470,06
Recording6	Participant4	female	none	alphabetic	all uppercase and title case letters study	Entire Recording	1	all-1,all-2,all-3,End,Introduction- (1),Procedure Overview- (1),title-1,title-2,title-3	all 2 final with pic	322592	0	Space	20482	241	85	124999	3	77	128527	125321	507,14	428,57
Recording6	Participant4	female	none	alphabetic	all uppercase and title case letters study	Entire Recording	1	all-1,all-2,all-3,End,Introduction- (1),Procedure Overview- (1),title-1,title-2,title-3	all 3 final	322592	0	Space	47560	186	256	229350	3	147	235949	229989	348,18	261,02
Recording6	Participant4	female	none	alphabetic	all uppercase and title case letters study	Entire Recording	1	all-1,all-2,all-3,End,Introduction- (1),Procedure Overview- (1),title-1,title-2,title-3	title 1 final	322592	0	Space	2741	249	11	110716	2	8	116833	111548	475,72	364,06
Recording6	Participant4	female	none	alphabetic	all uppercase and title case letters study	Entire Recording	1	all-1,all-2,all-3,End,Introduction- (1),Procedure Overview- (1),title-1,title-2,title-3	title 2 final	322592	0	Space	16723	246	68	153516	5	59	158202	153910	462,52	467,4
Recording6	Participant4	female	none	alphabetic	all uppercase and title case letters study	Entire Recording	1	all-1,all-2,all-3,End,Introduction- (1),Procedure Overview- (1),title-1,title-2,title-3	title 3 final	322592	0	Space	25874	237	109	190244	4	96	190212	191733	263,54	180,88
Recording7	Participant5	male	glasses	alphabetic	all uppercase and title case letters study	all-1 (1)	1	all-1	all 1 final	10033	172411	5	1716	143	12	190	4	7	152	507	164,2	597,48
Recording7	Participant5	male	glasses	alphabetic	all uppercase and title case letters study	all-2	1	all-2	all 2 final no pic	23767	182444	3	10501	191	55	8782	5	46	8752	11222	177,16	409,76
Recording7	Participant5	male	glasses	alphabetic	all uppercase and title case letters study	all-2	1	all-2	all 2 final with pic	23767	182444	3	12582	188	67	2388	3	60	2318	2675	471,19	303,72
Recording7	Participant5	male	glasses	alphabetic	all uppercase and title case letters study	all-3 (1)	1	all-3	all 3 final	165452	232562	7	122549	253	484	325	16	445	2596	493	372,24	108,64
Recording7	Participant5	male	glasses	alphabetic	all uppercase and title case letters study	title-1 (1)	1	title-1	title 1 final	16034	156377	6	4698	174	27	0	5	20	281	64	173,05	389,76
Recording7	Participant5	male	glasses	alphabetic	all uppercase and title case letters study	title-2 (1)	1	title-2	title 2 final	26350	206211	3	9172	213	43	200	4	38	7005	626	325,3	534,99
Recording7	Participant5	male	glasses	alphabetic	all uppercase and title case letters study	title-3 (1)	1	title-3	title 3 final	128635	398013	5	95303	266	358	0	17	318	503	1277	133,47	272,81
Recording7	Participant5	male	glasses	alphabetic	all uppercase and title case letters study	Entire Recording	1	all-1,all-2,all-3,End,Introduction- (1),Procedure Overview- (1),title-1,title-2,title-3	all 1 final	531646	0	Return	1716	143	12	172601	4	7	172562	172917	164,2	597,48
Recording7	Participant5	male	glasses	alphabetic	all uppercase and title case letters study	Entire Recording	1	all-1,all-2,all-3,End,Introduction- (1),Procedure Overview- (1),title-1,title-2,title-3	all 2 final no pic	531646	0	Return	10501	191	55	191226	5	46	191196	193666	177,16	409,76
Recording7	Participant5	male	glasses	alphabetic	all uppercase and title case letters study	Entire Recording	1	all-1,all-2,all-3,End,Introduction- (1),Procedure Overview- (1),title-1,title-2,title-3	all 2 final with pic	531646	0	Return	12582	188	67	184833	3	60	184763	185119	471,19	303,72
Recording7	Participant5	male	glasses	alphabetic	all uppercase and title case letters study	Entire Recording	1	all-1,all-2,all-3,End,Introduction- (1),Procedure Overview- (1),title-1,title-2,title-3	all 3 final	531646	0	Return	122549	253	484	232887	16	445	235157	233055	372,24	108,64
Recording7	Participant5	male	glasses	alphabetic	all uppercase and title case letters study	Entire Recording	1	all-1,all-2,all-3,End,Introduction- (1),Procedure Overview- (1),title-1,title-2,title-3	title 1 final	531646	0	Return	4698	174	27	156377	5	20	156658	156441	173,05	389,76
Recording7	Participant5	male	glasses	alphabetic	all uppercase and title case letters study	Entire Recording	1	all-1,all-2,all-3,End,Introduction- (1),Procedure Overview- (1),title-1,title-2,title-3	title 2 final	531646	0	Return	9172	213	43	206411	4	38	213216	206837	325,3	534,99
Recording7	Participant5	male	glasses	alphabetic	all uppercase and title case letters study	Entire Recording	1	all-1,all-2,all-3,End,Introduction- (1),Procedure Overview- (1),title-1,title-2,title-3	title 3 final	531646	0	Return	95303	266	358	398013	17	318	398516	399291	133,47	272,81
Recording7new	Participant7	female	none	logographic	all uppercase and title case letters study	all-1 (1)	1	all-1	all 1 final	24317	94930	5	8280	224	37	0	7	30	1915	188	370,46	403,36
Recording7new	Participant7	female	none	logographic	all uppercase and title case letters study	all-2	1	all-2	all 2 final no pic	35617	150030	3	17822	283	63	0	5	42	21078	577	383,26	488,3
Recording7new	Participant7	female	none	logographic	all uppercase and title case letters study	all-2	1	all-2	all 2 final with pic	35617	150030	3	18728	280	67	0	5	44	21078	577	383,26	488,3
Recording7new	Participant7	female	none	logographic	all uppercase and title case letters study	all-3 (1)	1	all-3	all 3 final	96235	262198	3	27322	192	142	0	6	39	6901		266,25	
Recording7new	Participant7	female	none	logographic	all uppercase and title case letters study	title-1 (1)	1	title-1	title 1 final	7784	119247	6	3641	228	16	0	3	12	2432	397	488,94	438,32
Recording7new	Participant7	female	none	logographic	all uppercase and title case letters study	title-2 (1)	1	title-2	title 2 final	23000	127030	3	10418	289	36	0	3	30	8925	230	459,98	508,33
Recording7new	Participant7	female	none	logographic	all uppercase and title case letters study	title-3 (1)	1	title-3	title 3 final	76551	185647	5	48093	266	181	87	4	142				
Recording7new	Participant7	female	none	logographic	all uppercase and title case letters study	Entire Recording	1	all-1,all-2,all-3,End,Introduction- (1),Procedure Overview- (1),title-1,title-2,title-3	all 1 final	362530	0	Space	8280	224	37	94930	7	30	96844	95118	370,46	403,36
Recording7new	Participant7	female	none	logographic	all uppercase and title case letters study	Entire Recording	1	all-1,all-2,all-3,End,Introduction- (1),Procedure Overview- (1),title-1,title-2,title-3	all 2 final no pic	362530	0	Space	17822	283	63	150030	5	42	171108	150607	383,26	488,3
Recording7new	Participant7	female	none	logographic	all uppercase and title case letters study	Entire Recording	1	all-1,all-2,all-3,End,Introduction- (1),Procedure Overview- (1),title-1,title-2,title-3	all 2 final with pic	362530	0	Space	18728	280	67	150030	5	44	171108	150607	383,26	488,3
Recording7new	Participant7	female	none	logographic	all uppercase and title case letters study	Entire Recording	1	all-1,all-2,all-3,End,Introduction- (1),Procedure Overview- (1),title-1,title-2,title-3	all 3 final	362530	0	Space	27322	192	142	262198	6	39	269099		266,25	
Recording7new	Participant7	female	none	logographic	all uppercase and title case letters study	Entire Recording	1	all-1,all-2,all-3,End,Introduction- (1),Procedure Overview- (1),title-1,title-2,title-3	title 1 final	362530	0	Space	3641	228	16	119247	3	12	121678	119643	488,94	438,32
Recording7new	Participant7	female	none	logographic	all uppercase and title case letters study	Entire Recording	1	all-1,all-2,all-3,End,Introduction- (1),Procedure Overview- (1),title-1,title-2,title-3	title 2 final	362530	0	Space	10418	289	36	127030	3	30	135955	127260	459,98	508,33
Recording7new	Participant7	female	none	logographic	all uppercase and title case letters study	Entire Recording	1	all-1,all-2,all-3,End,Introduction- (1),Procedure Overview- (1),title-1,title-2,title-3	title 3 final	362530	0	Space	48093	266	181	185735	4	142				
Recording8	Participant6	female	contact lenses	alphabetic	all uppercase and title case letters study	all-1 (1)	1	all-1	all 1 final	11683	102172	F5	2868	239	12	0	2	10	8423	1225	394,53	135,11
Recording8	Participant6	female	contact lenses	alphabetic	all uppercase and title case letters study	all-2	1	all-2	all 2 final no pic	30934	122973	F3	19104	239	80	6249	2	76				
Recording8	Participant6	female	contact lenses	alphabetic	all uppercase and title case letters study	all-2	1	all-2	all 2 final with pic	30934	122973	F3	19574	236	83	17	3	77		470		459,83
Recording8	Participant6	female	contact lenses	alphabetic	all uppercase and title case letters study	all-3 (1)	1	all-3	all 3 final	68601	173540	7	46757	242	193	4	3	179	9944	681	248,67	446,37
Recording8	Participant6	female	contact lenses	alphabetic	all uppercase and title case letters study	title-1 (1)	1	title-1	title 1 final	9117	113856	6	2505	193	13	357	2	9		423		479,92
Recording8	Participant6	female	contact lenses	alphabetic	all uppercase and title case letters study	title-2 (1)	1	title-2	title 2 final	19634	153906	3	12793	256	50	0	2	45	4635	833	422,33	451,56
Recording8	Participant6	female	contact lenses	alphabetic	all uppercase and title case letters study	title-3 (1)	1	title-3	title 3 final	45934	242141	5	34239	250	137	0	3	128	5457	5945	281,91	291,01
Recording8	Participant6	female	contact lenses	alphabetic	all uppercase and title case letters study	Entire Recording	1	all-1,all-2,all-3,End,Introduction- (1),Procedure Overview- (1),title-1,title-2,title-3	all 1 final	299996	0	Space	2868	239	12	102172	2	10	110595	103397	394,53	135,11
Recording8	Participant6	female	contact lenses	alphabetic	all uppercase and title case letters study	Entire Recording	1	all-1,all-2,all-3,End,Introduction- (1),Procedure Overview- (1),title-1,title-2,title-3	all 2 final no pic	299996	0	Space	19104	239	80	129221	2	76				
Recording8	Participant6	female	contact lenses	alphabetic	all uppercase and title case letters study	Entire Recording	1	all-1,all-2,all-3,End,Introduction- (1),Procedure Overview- (1),title-1,title-2,title-3	all 2 final with pic	299996	0	Space	19574	236	83	122990	3	77		123442		459,83
Recording8	Participant6	female	contact lenses	alphabetic	all uppercase and title case letters study	Entire Recording	1	all-1,all-2,all-3,End,Introduction- (1),Procedure Overview- (1),title-1,title-2,title-3	all 3 final	299996	0	Space	46757	242	193	173544	3	179	183484	174220	248,67	446,37
Recording8	Participant6	female	contact lenses	alphabetic	all uppercase and title case letters study	Entire Recording	1	all-1,all-2,all-3,End,Introduction- (1),Procedure Overview- (1),title-1,title-2,title-3	title 1 final	299996	0	Space	2505	193	13	114213	2	9		114279		479,92
Recording8	Participant6	female	contact lenses	alphabetic	all uppercase and title case letters study	Entire Recording	1	all-1,all-2,all-3,End,Introduction- (1),Procedure Overview- (1),title-1,title-2,title-3	title 2 final	299996	0	Space	12793	256	50	153906	2	45	158541	154739	422,33	451,56
Recording8	Participant6	female	contact lenses	alphabetic	all uppercase and title case letters study	Entire Recording	1	all-1,all-2,all-3,End,Introduction- (1),Procedure Overview- (1),title-1,title-2,title-3	title 3 final	299996	0	Space	34239	250	137	242141	3	128	247597	248086	281,91	291,01
Recording8new	Participant8	female	contact lenses	logographic	all uppercase and title case letters study	all-1 (1)	1	all-1	all 1 final	14850	270391	5	2713	209	13	6	3	9	9706	12053	388,89	426,9
Recording8new	Participant8	female	contact lenses	logographic	all uppercase and title case letters study	all-2	1	all-2	all 2 final no pic	66785	285241	1	31399	234	134	19965	7	108	19936	41052	97,94	427,86
Recording8new	Participant8	female	contact lenses	logographic	all uppercase and title case letters study	all-2	1	all-2	all 2 final with pic	66785	285241	1	32861	230	143	0	8	114	2770	2984	255,56	285,53
Recording8new	Participant8	female	contact lenses	logographic	all uppercase and title case letters study	all-3 (1)	1	all-3	all 3 final	171652	590729	7	107323	238	451	31	9	288	55775	55467	474,81	422,61
Recording8new	Participant8	female	contact lenses	logographic	all uppercase and title case letters study	title-1 (1)	1	title-1	title 1 final	20017	250374	6	7508	250	30	14	5	21	2746	3017	53,24	312,21
Recording8new	Participant8	female	contact lenses	logographic	all uppercase and title case letters study	title-2 (1)	1	title-2	title 2 final	76368	352026	3	38692	234	165	21	13	123	2037	2541	447,08	301,13
Recording8new	Participant8	female	contact lenses	logographic	all uppercase and title case letters study	title-3 (1)	1	title-3	title 3 final	162335	428393	5	95041	222	429	0	11	283	13264	14082	173,83	263,08
Recording8new	Participant8	female	contact lenses	logographic	all uppercase and title case letters study	Entire Recording	1	all-1,all-2,all-3,End,Introduction- (1),Procedure Overview- (1),title-1,title-2,title-3	all 1 final	770741	0	Space	2713	209	13	270398	3	9	270373	282444	79,64	426,9
Recording8new	Participant8	female	contact lenses	logographic	all uppercase and title case letters study	Entire Recording	1	all-1,all-2,all-3,End,Introduction- (1),Procedure Overview- (1),title-1,title-2,title-3	all 2 final no pic	770741	0	Space	31399	234	134	305206	7	108	305177	326293	97,94	427,86
Recording8new	Participant8	female	contact lenses	logographic	all uppercase and title case letters study	Entire Recording	1	all-1,all-2,all-3,End,Introduction- (1),Procedure Overview- (1),title-1,title-2,title-3	all 2 final with pic	770741	0	Space	32861	230	143	285241	8	114	288011	288225	255,56	285,53
Recording8new	Participant8	female	contact lenses	logographic	all uppercase and title case letters study	Entire Recording	1	all-1,all-2,all-3,End,Introduction- (1),Procedure Overview- (1),title-1,title-2,title-3	all 3 final	770741	0	Space	107323	238	451	590760	9	288	646504	646196	474,81	422,61
Recording8new	Participant8	female	contact lenses	logographic	all uppercase and title case letters study	Entire Recording	1	all-1,all-2,all-3,End,Introduction- (1),Procedure Overview- (1),title-1,title-2,title-3	title 1 final	770741	0	Space	7508	250	30	250389	5	21	250340	253391	167,26	312,21
Recording8new	Participant8	female	contact lenses	logographic	all uppercase and title case letters study	Entire Recording	1	all-1,all-2,all-3,End,Introduction- (1),Procedure Overview- (1),title-1,title-2,title-3	title 2 final	770741	0	Space	38692	234	165	352046	13	123	352016	354566	153,8	301,13
Recording8new	Participant8	female	contact lenses	logographic	all uppercase and title case letters study	Entire Recording	1	all-1,all-2,all-3,End,Introduction- (1),Procedure Overview- (1),title-1,title-2,title-3	title 3 final	770741	0	Space	95041	222	429	428393	11	283	441658	442475	173,83	263,08
Recording9	Participant11yuke				all uppercase and title case letters study	all-1 (1)	1	all-1	all 1 final	5834	130511	5	2202	138	16	0	2	9	2820		418,44	
Recording9	Participant11yuke				all uppercase and title case letters study	all-2	1	all-2	all 2 final no pic	32384	136344	3	19842	193	103	4905	1	76				
Recording9	Participant11yuke				all uppercase and title case letters study	all-2	1	all-2	all 2 final with pic	32384	136344	3	20176	192	105	0	2	76		164		342,47
Recording9	Participant11yuke				all uppercase and title case letters study	all-3 (1)	1	all-3	all 3 final	107585	197378	7	56907	183	311	0	7	212	3467	581	525,76	430,84
Recording9	Participant11yuke				all uppercase and title case letters study	title-1 (1)	1	title-1	title 1 final	8217	122294	6	2459	273	9	0	3	4		153		264,45
Recording9	Participant11yuke				all uppercase and title case letters study	title-2 (1)	1	title-2	title 2 final	28651	168728	3	17442	208	84	4	2	65	5576		468,61	
Recording9	Participant11yuke				all uppercase and title case letters study	title-3 (1)	1	title-3	title 3 final	92268	304963	5	60389	197	306	0	4	215	5240	264	447,58	410,08
Recording9	Participant11yuke				all uppercase and title case letters study	Entire Recording	1	all-1,all-2,all-3,End,Introduction- (1),Procedure Overview- (1),title-1,title-2,title-3	all 1 final	398809	0	Space	2202	138	16	130511	2	9	133331		418,44	
Recording9	Participant11yuke				all uppercase and title case letters study	Entire Recording	1	all-1,all-2,all-3,End,Introduction- (1),Procedure Overview- (1),title-1,title-2,title-3	all 2 final no pic	398809	0	Space	19842	193	103	141250	1	76				
Recording9	Participant11yuke				all uppercase and title case letters study	Entire Recording	1	all-1,all-2,all-3,End,Introduction- (1),Procedure Overview- (1),title-1,title-2,title-3	all 2 final with pic	398809	0	Space	20176	192	105	136344	2	76		136509		342,47
Recording9	Participant11yuke				all uppercase and title case letters study	Entire Recording	1	all-1,all-2,all-3,End,Introduction- (1),Procedure Overview- (1),title-1,title-2,title-3	all 3 final	398809	0	Space	56907	183	311	197378	7	212	200845	197960	525,76	430,84
Recording9	Participant11yuke				all uppercase and title case letters study	Entire Recording	1	all-1,all-2,all-3,End,Introduction- (1),Procedure Overview- (1),title-1,title-2,title-3	title 1 final	398809	0	Space	2459	273	9	122294	3	4		122447		264,45
Recording9	Participant11yuke				all uppercase and title case letters study	Entire Recording	1	all-1,all-2,all-3,End,Introduction- (1),Procedure Overview- (1),title-1,title-2,title-3	title 2 final	398809	0	Space	17442	208	84	168732	2	65	174303		468,61	
Recording9	Participant11yuke				all uppercase and title case letters study	Entire Recording	1	all-1,all-2,all-3,End,Introduction- (1),Procedure Overview- (1),title-1,title-2,title-3	title 3 final	398809	0	Space	60389	197	306	304963	4	215	310203	305227	447,58	410,08
Recording9new	Participant9	male	glasses	alphabetic	all uppercase and title case letters study	all-1 (1)	1	all-1	all 1 final	20584	281317	5	7070	272	26	4108	3	23	4056	4671	364,27	505,76
Recording9new	Participant9	male	glasses	alphabetic	all uppercase and title case letters study	all-2	1	all-2	all 2 final no pic	33800	352017	3	23015	247	93	4454	2	91	4393	33488	483,25	409,05
Recording9new	Participant9	male	glasses	alphabetic	all uppercase and title case letters study	all-2	1	all-2	all 2 final with pic	33800	352017	3	23492	247	95	0	3	92	4393	197	483,25	499,24
Recording9new	Participant9	male	glasses	alphabetic	all uppercase and title case letters study	all-3 (1)	1	all-3	all 3 final	144069	385818	7	97641	272	359	0	7	339	8328	172	378,69	544,38
Recording9new	Participant9	male	glasses	alphabetic	all uppercase and title case letters study	title-1 (1)	1	title-1	title 1 final	8567	301900	6	2954	269	11	0	2	7	4768	221	498,73	461,25
Recording9new	Participant9	male	glasses	alphabetic	all uppercase and title case letters study	title-2 (1)	1	title-2	title 2 final	41551	310467	3	21046	217	97	0	4	91	10782	338	405,58	440,01
Recording9new	Participant9	male	glasses	alphabetic	all uppercase and title case letters study	title-3 (1)	1	title-3	title 3 final	99735	529886	5	72186	265	272	5683	7	247	5636	6849	413,48	382,42
Recording9new	Participant9	male	glasses	alphabetic	all uppercase and title case letters study	Entire Recording	1	all-1,all-2,all-3,End,Introduction- (1),Procedure Overview- (1),title-1,title-2,title-3	all 1 final	635876	0	Space	7070	272	26	285425	3	23	285372	285987	364,27	505,76
Recording9new	Participant9	male	glasses	alphabetic	all uppercase and title case letters study	Entire Recording	1	all-1,all-2,all-3,End,Introduction- (1),Procedure Overview- (1),title-1,title-2,title-3	all 2 final no pic	635876	0	Space	23015	247	93	356472	2	91	356411	385505	483,25	409,05
Recording9new	Participant9	male	glasses	alphabetic	all uppercase and title case letters study	Entire Recording	1	all-1,all-2,all-3,End,Introduction- (1),Procedure Overview- (1),title-1,title-2,title-3	all 2 final with pic	635876	0	Space	23492	247	95	352017	3	92	356411	352215	483,25	499,24
Recording9new	Participant9	male	glasses	alphabetic	all uppercase and title case letters study	Entire Recording	1	all-1,all-2,all-3,End,Introduction- (1),Procedure Overview- (1),title-1,title-2,title-3	all 3 final	635876	0	Space	97641	272	359	385818	7	339	394146	385990	378,69	544,38
Recording9new	Participant9	male	glasses	alphabetic	all uppercase and title case letters study	Entire Recording	1	all-1,all-2,all-3,End,Introduction- (1),Procedure Overview- (1),title-1,title-2,title-3	title 1 final	635876	0	Space	2954	269	11	301900	2	7	306668	302122	498,73	461,25
Recording9new	Participant9	male	glasses	alphabetic	all uppercase and title case letters study	Entire Recording	1	all-1,all-2,all-3,End,Introduction- (1),Procedure Overview- (1),title-1,title-2,title-3	title 2 final	635876	0	Space	21046	217	97	310467	4	91	321249	310805	405,58	440,01
Recording9new	Participant9	male	glasses	alphabetic	all uppercase and title case letters study	Entire Recording	1	all-1,all-2,all-3,End,Introduction- (1),Procedure Overview- (1),title-1,title-2,title-3	title 3 final	635876	0	Space	72186	265	272	535569	7	247	535522	536735	413,48	382,42
Recording10new	Participant10	male	glasses	alphabetic	all uppercase and title case letters study	all-1 (1)	1	all-1	all 1 final	4117	200485	5	1543	171	9	0	3	6	2362	501	424,65	391,92
Recording10new	Participant10	male	glasses	alphabetic	all uppercase and title case letters study	all-2	1	all-2	all 2 final no pic	25534	223369	3	16998	215	79	0	5	71	4992	4379	588,07	402,52
Recording10new	Participant10	male	glasses	alphabetic	all uppercase and title case letters study	all-2	1	all-2	all 2 final with pic	25534	223369	3	16998	215	79	0	5	71	4992	4379	588,07	402,52
Recording10new	Participant10	male	glasses	alphabetic	all uppercase and title case letters study	all-3 (1)	1	all-3	all 3 final	63368	248903	7	45296	232	195	0	5	178	6827	7186	321,98	278,91
Recording10new	Participant10	male	glasses	alphabetic	all uppercase and title case letters study	title-1 (1)	1	title-1	title 1 final	9183	191302	6	2834	218	13	0	4	8	5218	631	473,84	378,47
Recording10new	Participant10	male	glasses	alphabetic	all uppercase and title case letters study	title-2 (1)	1	title-2	title 2 final	18767	204602	3	10296	229	45	0	4	40	5455	9467	481,02	386,89
Recording10new	Participant10	male	glasses	alphabetic	all uppercase and title case letters study	title-3 (1)	1	title-3	title 3 final	35984	312270	5	28640	247	116	0	3	103	3378	575	309,56	371,76
Recording10new	Participant10	male	glasses	alphabetic	all uppercase and title case letters study	Entire Recording	1	all-1,all-2,all-3,End,Introduction- (1),Procedure Overview- (1),title-1,title-2,title-3	all 1 final	354986	0	Space	1543	171	9	200485	3	6	202848	200986	424,65	391,92
Recording10new	Participant10	male	glasses	alphabetic	all uppercase and title case letters study	Entire Recording	1	all-1,all-2,all-3,End,Introduction- (1),Procedure Overview- (1),title-1,title-2,title-3	all 2 final no pic	354986	0	Space	16998	215	79	223369	5	71	228361	227748	588,07	402,52
Recording10new	Participant10	male	glasses	alphabetic	all uppercase and title case letters study	Entire Recording	1	all-1,all-2,all-3,End,Introduction- (1),Procedure Overview- (1),title-1,title-2,title-3	all 2 final with pic	354986	0	Space	16998	215	79	223369	5	71	228361	227748	588,07	402,52
Recording10new	Participant10	male	glasses	alphabetic	all uppercase and title case letters study	Entire Recording	1	all-1,all-2,all-3,End,Introduction- (1),Procedure Overview- (1),title-1,title-2,title-3	all 3 final	354986	0	Space	45296	232	195	248903	5	178	255730	256089	321,98	278,91
Recording10new	Participant10	male	glasses	alphabetic	all uppercase and title case letters study	Entire Recording	1	all-1,all-2,all-3,End,Introduction- (1),Procedure Overview- (1),title-1,title-2,title-3	title 1 final	354986	0	Space	2834	218	13	191302	4	8	196520	191933	473,84	378,47
Recording10new	Participant10	male	glasses	alphabetic	all uppercase and title case letters study	Entire Recording	1	all-1,all-2,all-3,End,Introduction- (1),Procedure Overview- (1),title-1,title-2,title-3	title 2 final	354986	0	Space	10296	229	45	204602	4	40	210057	214070	481,02	386,89
Recording10new	Participant10	male	glasses	alphabetic	all uppercase and title case letters study	Entire Recording	1	all-1,all-2,all-3,End,Introduction- (1),Procedure Overview- (1),title-1,title-2,title-3	title 3 final	354986	0	Space	28640	247	116	312270	3	103	315649	312845	309,56	371,76
Recording12new	Participant12new	male	glasses	logographic	all uppercase and title case letters study	all-1 (1)	1	all-1	all 1 final	19684	103831	5	4965	216	23	23	6	9	11985	851	611,92	102,55
Recording12new	Participant12new	male	glasses	logographic	all uppercase and title case letters study	all-2	1	all-2	all 2 final no pic	43684	149049	3	18030	169	107	0	5	36	4843	141	594,49	520,65
Recording12new	Participant12new	male	glasses	logographic	all uppercase and title case letters study	all-2	1	all-2	all 2 final with pic	43684	149049	3	18030	169	107	0	5	36	4843	141	594,49	520,65
Recording12new	Participant12new	male	glasses	logographic	all uppercase and title case letters study	all-3 (1)	1	all-3	all 3 final	258320	192733	3	69719	173	403	24	24	145	22710	225472	69,05	30,01
Recording12new	Participant12new	male	glasses	logographic	all uppercase and title case letters study	title-1 (1)	1	title-1	title 1 final	5834	123515	6	1656	166	10	0	3	3	5697	204	626,87	120,35
Recording12new	Participant12new	male	glasses	logographic	all uppercase and title case letters study	title-2 (1)	1	title-2	title 2 final	19700	129348	3	6371	182	35	0	5	14	19196	2991	776,61	735,59
Recording12new	Participant12new	male	glasses	logographic	all uppercase and title case letters study	title-3 (1)	1	title-3	title 3 final	68868	451052	5	30989	179	173	0	5	73		61595		71,02
Recording12new	Participant12new	male	glasses	logographic	all uppercase and title case letters study	Entire Recording	1	all-1,all-2,all-3,End,Introduction- (1),Procedure Overview- (1),title-1,title-2,title-3	all 1 final	522030	0	5	4965	216	23	103854	6	9	115817	104682	611,92	102,55
Recording12new	Participant12new	male	glasses	logographic	all uppercase and title case letters study	Entire Recording	1	all-1,all-2,all-3,End,Introduction- (1),Procedure Overview- (1),title-1,title-2,title-3	all 2 final no pic	522030	0	5	18030	169	107	149049	5	36	153892	149189	594,49	520,65
Recording12new	Participant12new	male	glasses	logographic	all uppercase and title case letters study	Entire Recording	1	all-1,all-2,all-3,End,Introduction- (1),Procedure Overview- (1),title-1,title-2,title-3	all 2 final with pic	522030	0	5	18030	169	107	149049	5	36	153892	149189	594,49	520,65
Recording12new	Participant12new	male	glasses	logographic	all uppercase and title case letters study	Entire Recording	1	all-1,all-2,all-3,End,Introduction- (1),Procedure Overview- (1),title-1,title-2,title-3	all 3 final	522030	0	5	69719	173	403	192757	24	145	215443	418205	69,05	30,01
Recording12new	Participant12new	male	glasses	logographic	all uppercase and title case letters study	Entire Recording	1	all-1,all-2,all-3,End,Introduction- (1),Procedure Overview- (1),title-1,title-2,title-3	title 1 final	522030	0	5	1656	166	10	123515	3	3	129212	123719	626,87	120,35
Recording12new	Participant12new	male	glasses	logographic	all uppercase and title case letters study	Entire Recording	1	all-1,all-2,all-3,End,Introduction- (1),Procedure Overview- (1),title-1,title-2,title-3	title 2 final	522030	0	5	6371	182	35	129348	5	14	148544	132339	776,61	735,59
Recording12new	Participant12new	male	glasses	logographic	all uppercase and title case letters study	Entire Recording	1	all-1,all-2,all-3,End,Introduction- (1),Procedure Overview- (1),title-1,title-2,title-3	title 3 final	522030	0	5	30989	179	173	451052	5	73		512647		71,02
Recording13	Participant13	female	none	logographic	all uppercase and title case letters study	all-1 (1)	1	all-1	all 1 final	17684	125170	5	5553	198	28	9	4	21	6655	199	422,98	488,66
Recording13	Participant13	female	none	logographic	all uppercase and title case letters study	all-2	1	all-2	all 2 final no pic	48284	142853	3	28104	251	112	0	7	101	2315	145	531,49	401,26
Recording13	Participant13	female	none	logographic	all uppercase and title case letters study	all-2	1	all-2	all 2 final with pic	48284	142853	3	28532	248	115	0	6	105	2315	301	531,49	506,97
Recording13	Participant13	female	none	logographic	all uppercase and title case letters study	all-3 (1)	1	all-3	all 3 final	133502	234771	7	97536	296	329	134	9	285	2907	759	459,14	436,92
Recording13	Participant13	female	none	logographic	all uppercase and title case letters study	title-1 (1)	1	title-1	title 1 final	267	124903	Space	185	93	2	0	1	1				
Recording13	Participant13	female	none	logographic	all uppercase and title case letters study	title-2 (1)	1	title-2	title 2 final	43634	191137	3	24497	310	79	0	2	75	16449	185	382,2	539,36
Recording13	Participant13	female	none	logographic	all uppercase and title case letters study	title-3 (1)	1	title-3	title 3 final	53601	368273	5	38719	281	138	77	8	117	1052	392	414,22	462,64
Recording13	Participant13	female	none	logographic	all uppercase and title case letters study	Entire Recording	1	all-1,all-2,all-3,End,Introduction- (1),Procedure Overview- (1),title-1,title-2,title-3	all 1 final	423830	0	Space	5553	198	28	125179	4	21	125124	125369	434,38	488,66
Recording13	Participant13	female	none	logographic	all uppercase and title case letters study	Entire Recording	1	all-1,all-2,all-3,End,Introduction- (1),Procedure Overview- (1),title-1,title-2,title-3	all 2 final no pic	423830	0	Space	28104	251	112	142853	7	101	145168	142998	531,49	401,26
Recording13	Participant13	female	none	logographic	all uppercase and title case letters study	Entire Recording	1	all-1,all-2,all-3,End,Introduction- (1),Procedure Overview- (1),title-1,title-2,title-3	all 2 final with pic	423830	0	Space	28532	248	115	142853	6	105	145168	143154	531,49	506,97
Recording13	Participant13	female	none	logographic	all uppercase and title case letters study	Entire Recording	1	all-1,all-2,all-3,End,Introduction- (1),Procedure Overview- (1),title-1,title-2,title-3	all 3 final	423830	0	Space	97536	296	329	234905	9	285	237678	235530	459,14	436,92
Recording13	Participant13	female	none	logographic	all uppercase and title case letters study	Entire Recording	1	all-1,all-2,all-3,End,Introduction- (1),Procedure Overview- (1),title-1,title-2,title-3	title 1 final	423830	0	Space	185	93	2	124903	1	1		125124		434,38
Recording13	Participant13	female	none	logographic	all uppercase and title case letters study	Entire Recording	1	all-1,all-2,all-3,End,Introduction- (1),Procedure Overview- (1),title-1,title-2,title-3	title 2 final	423830	0	Space	24497	310	79	191137	2	75	207586	191322	382,2	539,36
Recording13	Participant13	female	none	logographic	all uppercase and title case letters study	Entire Recording	1	all-1,all-2,all-3,End,Introduction- (1),Procedure Overview- (1),title-1,title-2,title-3	title 3 final	423830	0	Space	38719	281	138	368349	8	117	369325	368665	414,22	462,64
Recording14	Participant14	female	none	alphabetic	all uppercase and title case letters study	all-1 (1)	1	all-1	all 1 final	6400	109356	5	1459	162	9	0	3	6	4104	307	385,58	502,44
Recording14	Participant14	female	none	alphabetic	all uppercase and title case letters study	all-2	1	all-2	all 2 final no pic	17300	136656	3	8511	185	46	65	4	38	6413	898	399,94	524,26
Recording14	Participant14	female	none	alphabetic	all uppercase and title case letters study	all-2	1	all-2	all 2 final with pic	17300	136656	3	8896	185	48	65	3	41	6413	898	399,94	524,26
Recording14	Participant14	female	none	alphabetic	all uppercase and title case letters study	all-3 (1)	1	all-3	all 3 final	70818	153956	3	35216	189	186	0	7	158	11219	547	103,67	391,78
Recording14	Participant14	female	none	alphabetic	all uppercase and title case letters study	title-1 (1)	1	title-1	title 1 final	12434	96922	6	3052	170	18	0	3	15	7841	153	441,62	242,31
Recording14	Participant14	female	none	alphabetic	all uppercase and title case letters study	title-2 (1)	1	title-2	title 2 final	20900	115756	3	11308	177	64	0	2	60	6363	272	493,27	467,76
Recording14	Participant14	female	none	alphabetic	all uppercase and title case letters study	title-3 (1)	1	title-3	title 3 final	66251	224774	5	41791	193	216	7575	7	184	7526	8504	321,42	453,94
Recording14	Participant14	female	none	alphabetic	all uppercase and title case letters study	Entire Recording	1	all-1,all-2,all-3,End,Introduction- (1),Procedure Overview- (1),title-1,title-2,title-3	all 1 final	299081	0	Space	1459	162	9	109356	3	6	113460	109662	385,58	502,44
Recording14	Participant14	female	none	alphabetic	all uppercase and title case letters study	Entire Recording	1	all-1,all-2,all-3,End,Introduction- (1),Procedure Overview- (1),title-1,title-2,title-3	all 2 final no pic	299081	0	Space	8511	185	46	136721	4	38	143068	137554	399,94	524,26
Recording14	Participant14	female	none	alphabetic	all uppercase and title case letters study	Entire Recording	1	all-1,all-2,all-3,End,Introduction- (1),Procedure Overview- (1),title-1,title-2,title-3	all 2 final with pic	299081	0	Space	8896	185	48	136721	3	41	143068	137554	399,94	524,26
Recording14	Participant14	female	none	alphabetic	all uppercase and title case letters study	Entire Recording	1	all-1,all-2,all-3,End,Introduction- (1),Procedure Overview- (1),title-1,title-2,title-3	all 3 final	299081	0	Space	35216	189	186	153956	7	158	165175	154504	103,67	391,78
Recording14	Participant14	female	none	alphabetic	all uppercase and title case letters study	Entire Recording	1	all-1,all-2,all-3,End,Introduction- (1),Procedure Overview- (1),title-1,title-2,title-3	title 1 final	299081	0	Space	3052	170	18	96922	3	15	104763	97075	441,62	242,31
Recording14	Participant14	female	none	alphabetic	all uppercase and title case letters study	Entire Recording	1	all-1,all-2,all-3,End,Introduction- (1),Procedure Overview- (1),title-1,title-2,title-3	title 2 final	299081	0	Space	11308	177	64	115756	2	60	122118	116027	493,27	467,76
Recording14	Participant14	female	none	alphabetic	all uppercase and title case letters study	Entire Recording	1	all-1,all-2,all-3,End,Introduction- (1),Procedure Overview- (1),title-1,title-2,title-3	title 3 final	299081	0	Space	41791	193	216	232349	7	184	232300	233278	321,42	453,94
Recording15	Participant15	male	none	alphabetic	all uppercase and title case letters study	all-1 (1)	1	all-1	all 1 final	4500	100368	5	1702	170	10	0	2	1				
Recording15	Participant15	male	none	alphabetic	all uppercase and title case letters study	all-2	1	all-2	all 2 final no pic	15034	118684	3	8612	210	41	2958	2	12				
Recording15	Participant15	male	none	alphabetic	all uppercase and title case letters study	all-2	1	all-2	all 2 final with pic	15034	118684	3	8889	212	42	0	3	12				
Recording15	Participant15	male	none	alphabetic	all uppercase and title case letters study	all-3 (1)	1	all-3	all 3 final	41551	189268	7	30337	221	137	0	2	65				
Recording15	Participant15	male	none	alphabetic	all uppercase and title case letters study	title-1 (1)	1	title-1	title 1 final	8783	91584	6	1951	195	10	5741	1	1				
Recording15	Participant15	male	none	alphabetic	all uppercase and title case letters study	title-2 (1)	1	title-2	title 2 final	13817	104867	3	4069	203	20	182	3	8				
Recording15	Participant15	male	none	alphabetic	all uppercase and title case letters study	title-3 (1)	1	title-3	title 3 final	55551	133718	5	30893	224	138	0	6	55				
Recording15	Participant15	male	none	alphabetic	all uppercase and title case letters study	Entire Recording	1	all-1,all-2,all-3,End,Introduction- (1),Procedure Overview- (1),title-1,title-2,title-3	all 1 final	236908	0	Space	1702	170	10	100368	2	1				
Recording15	Participant15	male	none	alphabetic	all uppercase and title case letters study	Entire Recording	1	all-1,all-2,all-3,End,Introduction- (1),Procedure Overview- (1),title-1,title-2,title-3	all 2 final no pic	236908	0	Space	8612	210	41	121642	2	12				
Recording15	Participant15	male	none	alphabetic	all uppercase and title case letters study	Entire Recording	1	all-1,all-2,all-3,End,Introduction- (1),Procedure Overview- (1),title-1,title-2,title-3	all 2 final with pic	236908	0	Space	8889	212	42	118684	3	12				
Recording15	Participant15	male	none	alphabetic	all uppercase and title case letters study	Entire Recording	1	all-1,all-2,all-3,End,Introduction- (1),Procedure Overview- (1),title-1,title-2,title-3	all 3 final	236908	0	Space	30337	221	137	189268	2	65				
Recording15	Participant15	male	none	alphabetic	all uppercase and title case letters study	Entire Recording	1	all-1,all-2,all-3,End,Introduction- (1),Procedure Overview- (1),title-1,title-2,title-3	title 1 final	236908	0	Space	1951	195	10	97325	1	1				
Recording15	Participant15	male	none	alphabetic	all uppercase and title case letters study	Entire Recording	1	all-1,all-2,all-3,End,Introduction- (1),Procedure Overview- (1),title-1,title-2,title-3	title 2 final	236908	0	Space	4069	203	20	105049	3	8				
Recording15	Participant15	male	none	alphabetic	all uppercase and title case letters study	Entire Recording	1	all-1,all-2,all-3,End,Introduction- (1),Procedure Overview- (1),title-1,title-2,title-3	title 3 final	236908	0	Space	30893	224	138	133718	6	55				
Recording16	Participant16	male	none	alphabetic	all uppercase and title case letters study	all-1 (1)	1	all-1	all 1 final	3550	87563	5	1388	154	9	10	2	5	1906		511,5	
Recording16	Participant16	male	none	alphabetic	all uppercase and title case letters study	all-2	1	all-2	all 2 final no pic	22367	91113	3	15760	239	66	891	3	59	826	1073	448,65	356,9
Recording16	Participant16	male	none	alphabetic	all uppercase and title case letters study	all-2	1	all-2	all 2 final with pic	22367	91113	3	16185	238	68	96	3	61	826	256	448,65	435
Recording16	Participant16	male	none	alphabetic	all uppercase and title case letters study	all-3 (1)	1	all-3	all 3 final	54201	191831	7	42220	206	205	0	3	191	3723	52777	202	409,49
Recording16	Participant16	male	none	alphabetic	all uppercase and title case letters study	title-1 (1)	1	title-1	title 1 final	7383	80180	6	2737	152	18	0	3	14	7076	173	224,06	426,11
Recording16	Participant16	male	none	alphabetic	all uppercase and title case letters study	title-2 (1)	1	title-2	title 2 final	13367	113480	3	6524	261	25	4240	2	19	10738		419,53	
Recording16	Participant16	male	none	alphabetic	all uppercase and title case letters study	title-3 (1)	1	title-3	title 3 final	64984	126847	5	44831	228	197	0	5	180	5869	949	372,76	311,71
Recording16	Participant16	male	none	alphabetic	all uppercase and title case letters study	Entire Recording	1	all-1,all-2,all-3,End,Introduction- (1),Procedure Overview- (1),title-1,title-2,title-3	all 1 final	254442	0	Space	1388	154	9	87573	2	5	87558		50,73	
Recording16	Participant16	male	none	alphabetic	all uppercase and title case letters study	Entire Recording	1	all-1,all-2,all-3,End,Introduction- (1),Procedure Overview- (1),title-1,title-2,title-3	all 2 final no pic	254442	0	Space	15760	239	66	92004	3	59	91939	92186	448,65	356,9
Recording16	Participant16	male	none	alphabetic	all uppercase and title case letters study	Entire Recording	1	all-1,all-2,all-3,End,Introduction- (1),Procedure Overview- (1),title-1,title-2,title-3	all 2 final with pic	254442	0	Space	16185	238	68	91209	3	61	91939	91369	448,65	435
Recording16	Participant16	male	none	alphabetic	all uppercase and title case letters study	Entire Recording	1	all-1,all-2,all-3,End,Introduction- (1),Procedure Overview- (1),title-1,title-2,title-3	all 3 final	254442	0	Space	42220	206	205	191831	3	191	195554	244608	202	409,49
Recording16	Participant16	male	none	alphabetic	all uppercase and title case letters study	Entire Recording	1	all-1,all-2,all-3,End,Introduction- (1),Procedure Overview- (1),title-1,title-2,title-3	title 1 final	254442	0	Space	2737	152	18	80180	3	14	87256	80353	224,06	426,11
Recording16	Participant16	male	none	alphabetic	all uppercase and title case letters study	Entire Recording	1	all-1,all-2,all-3,End,Introduction- (1),Procedure Overview- (1),title-1,title-2,title-3	title 2 final	254442	0	Space	6524	261	25	117720	2	19	124218		419,53	
Recording16	Participant16	male	none	alphabetic	all uppercase and title case letters study	Entire Recording	1	all-1,all-2,all-3,End,Introduction- (1),Procedure Overview- (1),title-1,title-2,title-3	title 3 final	254442	0	Space	44831	228	197	126847	5	180	132716	127796	372,76	311,71
Recording17	Participant17	female	glasses	logographic	all uppercase and title case letters study	all-1 (1)	1	all-1	all 1 final	10283	243786	5	3763	209	18	0	3	14	3510	322	459,75	476,11
Recording17	Participant17	female	glasses	logographic	all uppercase and title case letters study	all-2	1	all-2	all 2 final no pic	27417	254069	3	14487	216	67	5686	2	60	5612	6126	573,94	564,31
Recording17	Participant17	female	glasses	logographic	all uppercase and title case letters study	all-2	1	all-2	all 2 final with pic	27417	254069	3	14487	216	67	5686	2	60	5612	6126	573,94	564,31
Recording17	Participant17	female	glasses	logographic	all uppercase and title case letters study	all-3 (1)	1	all-3	all 3 final	142335	297303	2	93591	233	402	1731	9	365	5338	2600	399,54	349
Recording17	Participant17	female	glasses	logographic	all uppercase and title case letters study	title-1 (1)	1	title-1	title 1 final	23017	220769	6	8943	229	39	0	8	31	2589	136	514,02	365,6
Recording17	Participant17	female	glasses	logographic	all uppercase and title case letters study	title-2 (1)	1	title-2	title 2 final	15817	281486	3	6888	255	27	5851	1	24	5771		538,15	
Recording17	Participant17	female	glasses	logographic	all uppercase and title case letters study	title-3 (1)	1	title-3	title 3 final	129452	439638	5	97011	227	428	0	9	382	866	428	555,5	432,31
Recording17	Participant17	female	glasses	logographic	all uppercase and title case letters study	Entire Recording	1	all-1,all-2,all-3,End,Introduction- (1),Procedure Overview- (1),title-1,title-2,title-3	all 1 final	572573	0	Space	3763	209	18	243786	3	14	247296	244108	459,75	476,11
Recording17	Participant17	female	glasses	logographic	all uppercase and title case letters study	Entire Recording	1	all-1,all-2,all-3,End,Introduction- (1),Procedure Overview- (1),title-1,title-2,title-3	all 2 final no pic	572573	0	Space	14487	216	67	259756	2	60	259682	260196	573,94	564,31
Recording17	Participant17	female	glasses	logographic	all uppercase and title case letters study	Entire Recording	1	all-1,all-2,all-3,End,Introduction- (1),Procedure Overview- (1),title-1,title-2,title-3	all 2 final with pic	572573	0	Space	14487	216	67	259756	2	60	259682	260196	573,94	564,31
Recording17	Participant17	female	glasses	logographic	all uppercase and title case letters study	Entire Recording	1	all-1,all-2,all-3,End,Introduction- (1),Procedure Overview- (1),title-1,title-2,title-3	all 3 final	572573	0	Space	93591	233	402	299035	9	365	302641	299903	399,54	349
Recording17	Participant17	female	glasses	logographic	all uppercase and title case letters study	Entire Recording	1	all-1,all-2,all-3,End,Introduction- (1),Procedure Overview- (1),title-1,title-2,title-3	title 1 final	572573	0	Space	8943	229	39	220769	8	31	223358	220905	514,02	365,6
Recording17	Participant17	female	glasses	logographic	all uppercase and title case letters study	Entire Recording	1	all-1,all-2,all-3,End,Introduction- (1),Procedure Overview- (1),title-1,title-2,title-3	title 2 final	572573	0	Space	6888	255	27	287338	1	24	287257		538,15	
Recording17	Participant17	female	glasses	logographic	all uppercase and title case letters study	Entire Recording	1	all-1,all-2,all-3,End,Introduction- (1),Procedure Overview- (1),title-1,title-2,title-3	title 3 final	572573	0	Space	97011	227	428	439638	9	382	440504	440067	555,5	432,31
Recording18	Participant18	female	none	alphabetic	all uppercase and title case letters study	all-1 (1)	1	all-1	all 1 final	6967	104133	5	3230	190	17	0	3	13	2190	316	400,23	358,11
Recording18	Participant18	female	none	alphabetic	all uppercase and title case letters study	all-2	1	all-2	all 2 final no pic	8883	111100	3	2723	209	13	4796	1	10	4723		447,19	
Recording18	Participant18	female	none	alphabetic	all uppercase and title case letters study	all-2	1	all-2	all 2 final with pic	8883	111100	3	3095	206	15	0	2	11	4723	421	447,19	388,49
Recording18	Participant18	female	none	alphabetic	all uppercase and title case letters study	all-3 (1)	1	all-3	all 3 final	40767	167417	7	30754	228	135	0	3	118	4016	342	221,58	335,64
Recording18	Participant18	female	none	alphabetic	all uppercase and title case letters study	title-1 (1)	1	title-1	title 1 final	8433	95700	6	3022	201	15	0	2	12	4711	428	416,54	420,73
Recording18	Participant18	female	none	alphabetic	all uppercase and title case letters study	title-2 (1)	1	title-2	title 2 final	12050	119983	3	6454	208	31	0	3	27	3542	167	449,74	532,83
Recording18	Participant18	female	none	alphabetic	all uppercase and title case letters study	title-3 (1)	1	title-3	title 3 final	35384	132033	5	20378	232	88	0	5	78	7652	868	315,07	370,25
Recording18	Participant18	female	none	alphabetic	all uppercase and title case letters study	Entire Recording	1	all-1,all-2,all-3,End,Introduction- (1),Procedure Overview- (1),title-1,title-2,title-3	all 1 final	210164	0	Space	3230	190	17	104133	3	13	106323	104449	400,23	358,11
Recording18	Participant18	female	none	alphabetic	all uppercase and title case letters study	Entire Recording	1	all-1,all-2,all-3,End,Introduction- (1),Procedure Overview- (1),title-1,title-2,title-3	all 2 final no pic	210164	0	Space	2723	209	13	115895	1	10	115823		447,19	
Recording18	Participant18	female	none	alphabetic	all uppercase and title case letters study	Entire Recording	1	all-1,all-2,all-3,End,Introduction- (1),Procedure Overview- (1),title-1,title-2,title-3	all 2 final with pic	210164	0	Space	3095	206	15	111100	2	11	115823	111520	447,19	388,49
Recording18	Participant18	female	none	alphabetic	all uppercase and title case letters study	Entire Recording	1	all-1,all-2,all-3,End,Introduction- (1),Procedure Overview- (1),title-1,title-2,title-3	all 3 final	210164	0	Space	30754	228	135	167417	3	118	171433	167759	221,58	335,64
Recording18	Participant18	female	none	alphabetic	all uppercase and title case letters study	Entire Recording	1	all-1,all-2,all-3,End,Introduction- (1),Procedure Overview- (1),title-1,title-2,title-3	title 1 final	210164	0	Space	3022	201	15	95700	2	12	100410	96128	416,54	420,73
Recording18	Participant18	female	none	alphabetic	all uppercase and title case letters study	Entire Recording	1	all-1,all-2,all-3,End,Introduction- (1),Procedure Overview- (1),title-1,title-2,title-3	title 2 final	210164	0	Space	6454	208	31	119983	3	27	123526	120151	449,74	532,83
Recording18	Participant18	female	none	alphabetic	all uppercase and title case letters study	Entire Recording	1	all-1,all-2,all-3,End,Introduction- (1),Procedure Overview- (1),title-1,title-2,title-3	title 3 final	210164	0	Space	20378	232	88	132033	5	78	139685	132902	315,07	370,25
Recording19	Participant19		glasses	alphabetic	all uppercase and title case letters study	all-1 (1)	1	all-1	all 1 final	11150	256052	5	3168	244	13	11	3	8	1031	837	313,96	407,66
Recording19	Participant19		glasses	alphabetic	all uppercase and title case letters study	all-2	1	all-2	all 2 final no pic	17834	285119	3	9823	196	50	5918	1	47				
Recording19	Participant19		glasses	alphabetic	all uppercase and title case letters study	all-2	1	all-2	all 2 final with pic	17834	285119	3	10184	192	53	197	2	48	145	508	441,22	405,69
Recording19	Participant19		glasses	alphabetic	all uppercase and title case letters study	all-3 (1)	1	all-3	all 3 final	70068	413754	7	47518	216	220	0	4	199	3749	204	348,55	530,02
Recording19	Participant19		glasses	alphabetic	all uppercase and title case letters study	title-1 (1)	1	title-1	title 1 final	33717	222335	1	10807	264	41	0	4	35	2751	679	337,36	446,16
Recording19	Participant19		glasses	alphabetic	all uppercase and title case letters study	title-2 (1)	1	title-2	title 2 final	17917	267202	3	8194	191	43	0	3	39	1150	196	292,42	317,57
Recording19	Participant19		glasses	alphabetic	all uppercase and title case letters study	title-3 (1)	1	title-3	title 3 final	110801	302953	5	78519	216	363	0	5	335	691	207	423,05	416,48
Recording19	Participant19		glasses	alphabetic	all uppercase and title case letters study	Entire Recording	1	all-1,all-2,all-3,End,Introduction- (1),Procedure Overview- (1),title-1,title-2,title-3	all 1 final	489596	0	Space	3168	244	13	256064	3	8	257084	256889	313,96	407,66
Recording19	Participant19		glasses	alphabetic	all uppercase and title case letters study	Entire Recording	1	all-1,all-2,all-3,End,Introduction- (1),Procedure Overview- (1),title-1,title-2,title-3	all 2 final no pic	489596	0	Space	9823	196	50	291037	1	47				
Recording19	Participant19		glasses	alphabetic	all uppercase and title case letters study	Entire Recording	1	all-1,all-2,all-3,End,Introduction- (1),Procedure Overview- (1),title-1,title-2,title-3	all 2 final with pic	489596	0	Space	10184	192	53	285317	2	48	285264	285627	441,22	405,69
Recording19	Participant19		glasses	alphabetic	all uppercase and title case letters study	Entire Recording	1	all-1,all-2,all-3,End,Introduction- (1),Procedure Overview- (1),title-1,title-2,title-3	all 3 final	489596	0	Space	47518	216	220	413754	4	199	417504	413959	348,55	530,02
Recording19	Participant19		glasses	alphabetic	all uppercase and title case letters study	Entire Recording	1	all-1,all-2,all-3,End,Introduction- (1),Procedure Overview- (1),title-1,title-2,title-3	title 1 final	489596	0	Space	10807	264	41	222335	4	35	225086	223014	337,36	446,16
Recording19	Participant19		glasses	alphabetic	all uppercase and title case letters study	Entire Recording	1	all-1,all-2,all-3,End,Introduction- (1),Procedure Overview- (1),title-1,title-2,title-3	title 2 final	489596	0	Space	8194	191	43	267202	3	39	268352	267398	292,42	317,57
Recording19	Participant19		glasses	alphabetic	all uppercase and title case letters study	Entire Recording	1	all-1,all-2,all-3,End,Introduction- (1),Procedure Overview- (1),title-1,title-2,title-3	title 3 final	489596	0	Space	78519	216	363	302953	5	335	303644	303159	423,05	416,48
Recording20	Participant20	female	glasses	alphabetic	all uppercase and title case letters study	all-1 (1)	1	all-1	all 1 final	9950	167508	5	3472	193	18	0	2	15	5400	655	386,52	347,91
Recording20	Participant20	female	glasses	alphabetic	all uppercase and title case letters study	all-2	1	all-2	all 2 final no pic	17134	185675	3	5038	174	29	9600	3	21	9520	13604	417,98	257,09
Recording20	Participant20	female	glasses	alphabetic	all uppercase and title case letters study	all-2	1	all-2	all 2 final with pic	17134	185675	3	5631	166	34	494	3	26	6138	614	373,23	411,39
Recording20	Participant20	female	glasses	alphabetic	all uppercase and title case letters study	all-3 (1)	1	all-3	all 3 final	112835	211875	2	5898	131	45	577	4	11	7729	2298	280,22	332,16
Recording20	Participant20	female	glasses	alphabetic	all uppercase and title case letters study	title-1 (1)	1	title-1	title 1 final	8217	177458	6	1609	179	9	5555	1	7	5470		445,34	
Recording20	Participant20	female	glasses	alphabetic	all uppercase and title case letters study	title-2 (1)	1	title-2	title 2 final	9067	202809	3	3625	191	19	3354	2	14	3292	3708	381,61	394,94
Recording20	Participant20	female	glasses	alphabetic	all uppercase and title case letters study	title-3 (1)	1	title-3	title 3 final	85418	324710	5	120	120	1	313	1	0				
Recording20	Participant20	female	glasses	alphabetic	all uppercase and title case letters study	Entire Recording	1	all-1,all-2,all-3,End,Introduction- (1),Procedure Overview- (1),title-1,title-2,title-3	all 1 final	416591	0	Space	3472	193	18	167508	2	15	172909	168164	386,52	347,91
Recording20	Participant20	female	glasses	alphabetic	all uppercase and title case letters study	Entire Recording	1	all-1,all-2,all-3,End,Introduction- (1),Procedure Overview- (1),title-1,title-2,title-3	all 2 final no pic	416591	0	Space	5038	174	29	195276	3	21	195195	199279	417,98	257,09
Recording20	Participant20	female	glasses	alphabetic	all uppercase and title case letters study	Entire Recording	1	all-1,all-2,all-3,End,Introduction- (1),Procedure Overview- (1),title-1,title-2,title-3	all 2 final with pic	416591	0	Space	5631	166	34	186169	3	26	191813	186289	373,23	411,39
Recording20	Participant20	female	glasses	alphabetic	all uppercase and title case letters study	Entire Recording	1	all-1,all-2,all-3,End,Introduction- (1),Procedure Overview- (1),title-1,title-2,title-3	all 3 final	416591	0	Space	5898	131	45	212453	4	11	219604	214173	280,22	332,16
Recording20	Participant20	female	glasses	alphabetic	all uppercase and title case letters study	Entire Recording	1	all-1,all-2,all-3,End,Introduction- (1),Procedure Overview- (1),title-1,title-2,title-3	title 1 final	416591	0	Space	1609	179	9	183013	1	7	182929		445,34	
Recording20	Participant20	female	glasses	alphabetic	all uppercase and title case letters study	Entire Recording	1	all-1,all-2,all-3,End,Introduction- (1),Procedure Overview- (1),title-1,title-2,title-3	title 2 final	416591	0	Space	3625	191	19	206162	2	14	206101	206517	381,61	394,94
Recording20	Participant20	female	glasses	alphabetic	all uppercase and title case letters study	Entire Recording	1	all-1,all-2,all-3,End,Introduction- (1),Procedure Overview- (1),title-1,title-2,title-3	title 3 final	416591	0	Space	120	120	1	325023	1	0				
Recording21	Participant21	male	glasses	logographic	all uppercase and title case letters study	all-1 (1)	1	all-1	all 1 final	14600	271514	5	3120	184	17	0	3	12	11230	9804	530,6	413,43
Recording21	Participant21	male	glasses	logographic	all uppercase and title case letters study	all-2	1	all-2	all 2 final no pic	50017	294947	3	32300	267	121	0	5	103	7284	27075	564,62	361,02
Recording21	Participant21	male	glasses	logographic	all uppercase and title case letters study	all-2	1	all-2	all 2 final with pic	50017	294947	3	33334	262	127	0	4	106	6515	6947	421,98	327,69
Recording21	Participant21	male	glasses	logographic	all uppercase and title case letters study	all-3 (1)	1	all-3	all 3 final	161119	366215	3	97661	227	430	199	8	279	11419	11643	244,08	297,46
Recording21	Participant21	male	glasses	logographic	all uppercase and title case letters study	title-1 (1)	1	title-1	title 1 final	8833	286114	6	5148	224	23	162	2	12	5512		471,46	
Recording21	Participant21	male	glasses	logographic	all uppercase and title case letters study	title-2 (1)	1	title-2	title 2 final	21250	344965	3	11615	242	48	10	2	41				
Recording21	Participant21	male	glasses	logographic	all uppercase and title case letters study	title-3 (1)	1	title-3	title 3 final	108618	527334	5	77500	239	324	1635	6	237	21330	5723	120,35	282,12
Recording21	Participant21	male	glasses	logographic	all uppercase and title case letters study	Entire Recording	1	all-1,all-2,all-3,End,Introduction- (1),Procedure Overview- (1),title-1,title-2,title-3	all 1 final	2775691	0	Space	3120	184	17	271514	3	12	282743	281318	530,6	413,43
Recording21	Participant21	male	glasses	logographic	all uppercase and title case letters study	Entire Recording	1	all-1,all-2,all-3,End,Introduction- (1),Procedure Overview- (1),title-1,title-2,title-3	all 2 final no pic	2775691	0	Space	32300	267	121	294947	5	103	302231	322022	564,62	361,02
Recording21	Participant21	male	glasses	logographic	all uppercase and title case letters study	Entire Recording	1	all-1,all-2,all-3,End,Introduction- (1),Procedure Overview- (1),title-1,title-2,title-3	all 2 final with pic	2775691	0	Space	33334	262	127	294947	4	106	301462	301894	421,98	327,69
Recording21	Participant21	male	glasses	logographic	all uppercase and title case letters study	Entire Recording	1	all-1,all-2,all-3,End,Introduction- (1),Procedure Overview- (1),title-1,title-2,title-3	all 3 final	2775691	0	Space	97661	227	430	366414	8	279	377634	377858	244,08	297,46
Recording21	Participant21	male	glasses	logographic	all uppercase and title case letters study	Entire Recording	1	all-1,all-2,all-3,End,Introduction- (1),Procedure Overview- (1),title-1,title-2,title-3	title 1 final	2775691	0	Space	5148	224	23	286276	2	12	291626		471,46	
Recording21	Participant21	male	glasses	logographic	all uppercase and title case letters study	Entire Recording	1	all-1,all-2,all-3,End,Introduction- (1),Procedure Overview- (1),title-1,title-2,title-3	title 2 final	2775691	0	Space	11615	242	48	344975	2	41				
Recording21	Participant21	male	glasses	logographic	all uppercase and title case letters study	Entire Recording	1	all-1,all-2,all-3,End,Introduction- (1),Procedure Overview- (1),title-1,title-2,title-3	title 3 final	2775691	0	Space	77500	239	324	528968	6	237	548664	533057	120,35	282,12
Recording22	Participant22	male	none	alphabetic	all uppercase and title case letters study	all-1 (1)	1	all-1	all 1 final	10700	126316	5	5452	182	30	37	9	20	562	424	127,41	63,56
Recording22	Participant22	male	none	alphabetic	all uppercase and title case letters study	all-2	1	all-2	all 2 final no pic	15517	143316	3	10052	197	51	0	2	47		126		494,91
Recording22	Participant22	male	none	alphabetic	all uppercase and title case letters study	all-2	1	all-2	all 2 final with pic	15517	143316	3	10113	194	52	0	2	48				
Recording22	Participant22	male	none	alphabetic	all uppercase and title case letters study	all-3 (1)	1	all-3	all 3 final	22267	167750	7	12191	194	63	0	4	59	6551	485	212,24	390,19
Recording22	Participant22	male	none	alphabetic	all uppercase and title case letters study	title-1 (1)	1	title-1	title 1 final	6300	137016	6	2387	199	12	2237	3	9	2183	2649	410,42	467,71
Recording22	Participant22	male	none	alphabetic	all uppercase and title case letters study	title-2 (1)	1	title-2	title 2 final	8917	158833	3	5543	198	28	0	2	25	2778	284	527,38	408,49
Recording22	Participant22	male	none	alphabetic	all uppercase and title case letters study	title-3 (1)	1	title-3	title 3 final	49651	190017	5	34417	201	171	0	7	157	7008	130	329,34	519,04
Recording22	Participant22	male	none	alphabetic	all uppercase and title case letters study	Entire Recording	1	all-1,all-2,all-3,End,Introduction- (1),Procedure Overview- (1),title-1,title-2,title-3	all 1 final	256678	0	Space	5452	182	30	126353	9	20	126296	126740	524,79	63,56
Recording22	Participant22	male	none	alphabetic	all uppercase and title case letters study	Entire Recording	1	all-1,all-2,all-3,End,Introduction- (1),Procedure Overview- (1),title-1,title-2,title-3	all 2 final no pic	256678	0	Space	10052	197	51	143316	2	47		143442		494,91
Recording22	Participant22	male	none	alphabetic	all uppercase and title case letters study	Entire Recording	1	all-1,all-2,all-3,End,Introduction- (1),Procedure Overview- (1),title-1,title-2,title-3	all 2 final with pic	256678	0	Space	10113	194	52	143316	2	48				
Recording22	Participant22	male	none	alphabetic	all uppercase and title case letters study	Entire Recording	1	all-1,all-2,all-3,End,Introduction- (1),Procedure Overview- (1),title-1,title-2,title-3	all 3 final	256678	0	Space	12191	194	63	167750	4	59	174301	168235	212,24	390,19
Recording22	Participant22	male	none	alphabetic	all uppercase and title case letters study	Entire Recording	1	all-1,all-2,all-3,End,Introduction- (1),Procedure Overview- (1),title-1,title-2,title-3	title 1 final	256678	0	Space	2387	199	12	139254	3	9	139200	139665	410,42	467,71
Recording22	Participant22	male	none	alphabetic	all uppercase and title case letters study	Entire Recording	1	all-1,all-2,all-3,End,Introduction- (1),Procedure Overview- (1),title-1,title-2,title-3	title 2 final	256678	0	Space	5543	198	28	158833	2	25	161611	159117	527,38	408,49
Recording22	Participant22	male	none	alphabetic	all uppercase and title case letters study	Entire Recording	1	all-1,all-2,all-3,End,Introduction- (1),Procedure Overview- (1),title-1,title-2,title-3	title 3 final	256678	0	Space	34417	201	171	190017	7	157	197025	190147	329,34	519,04
Recording23	Participant23	male	glasses	logographic	all uppercase and title case letters study	all-1 (1)	1	all-1	all 1 final	18850	167195	5	7354	199	37	0	4	33	8202	411	407,74	544,39
Recording23	Participant23	male	glasses	logographic	all uppercase and title case letters study	all-2	1	all-2	all 2 final no pic	55434	186046	3	32330	236	137	11743	6	123	11698	11918	368,54	536,62
Recording23	Participant23	male	glasses	logographic	all uppercase and title case letters study	all-2	1	all-2	all 2 final with pic	55434	186046	3	35221	232	152	0	6	137	2392	397	280,49	423,94
Recording23	Participant23	male	glasses	logographic	all uppercase and title case letters study	all-3 (1)	1	all-3	all 3 final	271887	278397	5	208705	248	843	0	8	729	2079	593	483,25	295,63
Recording23	Participant23	male	glasses	logographic	all uppercase and title case letters study	title-1 (1)	1	title-1	title 1 final	29417	137778	6	7676	183	42	0	8	31	2030	584	356,31	481,65
Recording23	Participant23	male	glasses	logographic	all uppercase and title case letters study	title-2 (1)	1	title-2	title 2 final	36917	241480	3	19752	244	81	0	2	75		478		472,38
Recording23	Participant23	male	glasses	logographic	all uppercase and title case letters study	title-3 (1)	1	title-3	title 3 final	132885	550283	5	99042	239	415	18	5	339	1115	916	411,03	308,34
Recording23	Participant23	male	glasses	logographic	all uppercase and title case letters study	Entire Recording	1	all-1,all-2,all-3,End,Introduction- (1),Procedure Overview- (1),title-1,title-2,title-3	all 1 final	686710	0	Space	7354	199	37	167195	4	33	175397	167606	407,74	544,39
Recording23	Participant23	male	glasses	logographic	all uppercase and title case letters study	Entire Recording	1	all-1,all-2,all-3,End,Introduction- (1),Procedure Overview- (1),title-1,title-2,title-3	all 2 final no pic	686710	0	Space	32330	236	137	197788	6	123	197743	197963	368,54	536,62
Recording23	Participant23	male	glasses	logographic	all uppercase and title case letters study	Entire Recording	1	all-1,all-2,all-3,End,Introduction- (1),Procedure Overview- (1),title-1,title-2,title-3	all 2 final with pic	686710	0	Space	35221	232	152	186046	6	137	188438	186443	280,49	423,94
Recording23	Participant23	male	glasses	logographic	all uppercase and title case letters study	Entire Recording	1	all-1,all-2,all-3,End,Introduction- (1),Procedure Overview- (1),title-1,title-2,title-3	all 3 final	686710	0	Space	208705	248	843	278397	8	729	280476	278989	483,25	295,63
Recording23	Participant23	male	glasses	logographic	all uppercase and title case letters study	Entire Recording	1	all-1,all-2,all-3,End,Introduction- (1),Procedure Overview- (1),title-1,title-2,title-3	title 1 final	686710	0	Space	7676	183	42	137778	8	31	139808	138362	356,31	481,65
Recording23	Participant23	male	glasses	logographic	all uppercase and title case letters study	Entire Recording	1	all-1,all-2,all-3,End,Introduction- (1),Procedure Overview- (1),title-1,title-2,title-3	title 2 final	686710	0	Space	19752	244	81	241480	2	75		241957		472,38
Recording23	Participant23	male	glasses	logographic	all uppercase and title case letters study	Entire Recording	1	all-1,all-2,all-3,End,Introduction- (1),Procedure Overview- (1),title-1,title-2,title-3	title 3 final	686710	0	Space	99042	239	415	550302	5	339	551399	551199	411,03	308,34
Recording24	Participant24 yaxuan	female	contact lenses	logographic	all uppercase and title case letters study	all-1 (1)	1	all-1	all 1 final	27734	168445	5	5785	187	31	0	8	12	9548	502	449,7	198,58
Recording24	Participant24 yaxuan	female	contact lenses	logographic	all uppercase and title case letters study	all-2	1	all-2	all 2 final no pic	53134	203929	3	28082	230	122	7657	6	86	33122	32709	319,67	193,83
Recording24	Participant24 yaxuan	female	contact lenses	logographic	all uppercase and title case letters study	all-2	1	all-2	all 2 final with pic	53134	203929	3	29373	228	129	5136	3	92	5082	5757	344,61	412,12
Recording24	Participant24 yaxuan	female	contact lenses	logographic	all uppercase and title case letters study	all-3 (1)	1	all-3	all 3 final	68867	325730	3	45916	228	201	10708	4	164	23301	23193	487,14	43,53
Recording24	Participant24 yaxuan	female	contact lenses	logographic	all uppercase and title case letters study	title-1 (1)	1	title-1	title 1 final	7750	196179	6	2477	191	13	0	4	7	2736	220	480,53	616,12
Recording24	Participant24 yaxuan	female	contact lenses	logographic	all uppercase and title case letters study	title-2 (1)	1	title-2	title 2 final	15417	257063	3	7624	206	37	4606	1	23				
Recording24	Participant24 yaxuan	female	contact lenses	logographic	all uppercase and title case letters study	title-3 (1)	1	title-3	title 3 final	53251	272480	5	28724	224	128	0	4	100	19373	679	50,8	441,1
Recording24	Participant24 yaxuan	female	contact lenses	logographic	all uppercase and title case letters study	Entire Recording	1	all-1,all-2,all-3,End,Introduction- (1),Procedure Overview- (1),title-1,title-2,title-3	all 1 final	407479	0	Space	5785	187	31	168445	8	12	177993	168947	449,7	198,58
Recording24	Participant24 yaxuan	female	contact lenses	logographic	all uppercase and title case letters study	Entire Recording	1	all-1,all-2,all-3,End,Introduction- (1),Procedure Overview- (1),title-1,title-2,title-3	all 2 final no pic	407479	0	Space	28082	230	122	211585	6	86	237051	236638	319,67	193,83
Recording24	Participant24 yaxuan	female	contact lenses	logographic	all uppercase and title case letters study	Entire Recording	1	all-1,all-2,all-3,End,Introduction- (1),Procedure Overview- (1),title-1,title-2,title-3	all 2 final with pic	407479	0	Space	29373	228	129	209065	3	92	209011	209685	344,61	412,12
Recording24	Participant24 yaxuan	female	contact lenses	logographic	all uppercase and title case letters study	Entire Recording	1	all-1,all-2,all-3,End,Introduction- (1),Procedure Overview- (1),title-1,title-2,title-3	all 3 final	407479	0	Space	45916	228	201	336438	4	164	349031	348923	487,14	43,53
Recording24	Participant24 yaxuan	female	contact lenses	logographic	all uppercase and title case letters study	Entire Recording	1	all-1,all-2,all-3,End,Introduction- (1),Procedure Overview- (1),title-1,title-2,title-3	title 1 final	407479	0	Space	2477	191	13	196179	4	7	198914	196399	480,53	616,12
Recording24	Participant24 yaxuan	female	contact lenses	logographic	all uppercase and title case letters study	Entire Recording	1	all-1,all-2,all-3,End,Introduction- (1),Procedure Overview- (1),title-1,title-2,title-3	title 2 final	407479	0	Space	7624	206	37	261669	1	23				
Recording24	Participant24 yaxuan	female	contact lenses	logographic	all uppercase and title case letters study	Entire Recording	1	all-1,all-2,all-3,End,Introduction- (1),Procedure Overview- (1),title-1,title-2,title-3	title 3 final	407479	0	Space	28724	224	128	272480	4	100	291853	273159	50,8	441,1
